"id","name","swings_competitive","percent_swings_competitive","contact","avg_bat_speed","hard_swing_rate","squared_up_per_bat_contact","squared_up_per_swing","blast_per_bat_contact","blast_per_swing","swing_length","swords","batter_run_value","whiffs","whiff_per_swing","batted_ball_events","batted_ball_event_per_swing"
665833,"Cruz, Oneil",822,0.906284454244763,556,"78.80644826",0.7846715328467152,0.32194244604316546,0.21776155717761558,0.24820143884892087,0.1678832116788321,"7.7619882",19,-21.80616201134558,266,0.3236009732360097,273,0.33211678832116787
691406,"Caminero, Junior",1102,0.9069958847736626,851,"78.584840581",0.813067150635209,0.2890716803760282,0.22323049001814882,0.22209165687426558,0.17150635208711434,"8.420028167",21,1.9325280221083005,251,0.2277676950998185,432,0.39201451905626133
691023,"Walker, Jordan",686,0.9050131926121372,465,"78.069257522",0.7784256559766763,0.26666666666666666,0.18075801749271136,0.2,0.13556851311953352,"8.258906224",21,-19.17202675204771,221,0.32215743440233235,231,0.336734693877551
666176,"Adell, Jo",1032,0.9028871391076115,779,"77.613888062",0.7335271317829458,0.26187419768934533,0.19767441860465115,0.19127086007702182,0.14437984496124032,"7.728556453",30,0.625141113607655,253,0.2451550387596899,354,0.3430232558139535
656941,"Schwarber, Kyle",1141,0.8998422712933754,807,"77.337695513",0.7721297107800176,0.322180916976456,0.22787028921998248,0.24659231722428748,0.17440841367221735,"7.531078869",51,10.801731236944935,334,0.2927256792287467,385,0.3374233128834356
701762,"Kurtz, Nick",735,0.9096534653465347,490,"77.204379361",0.725170068027211,0.29183673469387755,0.1945578231292517,0.22040816326530613,0.1469387755102041,"7.711152299",18,22.708436810078336,245,0.3333333333333333,243,0.3306122448979592
592450,"Judge, Aaron",1015,0.9022222222222223,685,"76.992197803",0.7162561576354679,0.3416058394160584,0.23054187192118228,0.2510948905109489,0.16945812807881774,"8.109203547",35,34.11397925368611,330,0.3251231527093596,347,0.341871921182266
665489,"Guerrero Jr., Vladimir",934,0.912109375,740,"76.664724839",0.6766595289079228,0.3689189189189189,0.29229122055674517,0.2554054054054054,0.20235546038543897,"7.63105727",8,5.309378776785387,194,0.20770877944325483,458,0.49036402569593146
670242,"Wallner, Matt",693,0.90234375,448,"76.567157042",0.6854256854256856,0.25223214285714285,0.16305916305916307,0.16964285714285715,0.10966810966810966,"7.422964863",21,-3.70836670440399,245,0.35353535353535354,204,0.2943722943722944
677594,"Rodríguez, Julio",1215,0.9046909903201787,885,"76.446710082",0.6395061728395061,0.3096045197740113,0.22551440329218106,0.19887005649717515,0.1448559670781893,"7.675602675",19,-2.6989282677549413,330,0.2716049382716049,460,0.3786008230452675
660670,"Acuña Jr., Ronald",707,0.8994910941475827,502,"76.414268656",0.6732673267326732,0.28286852589641437,0.20084865629420084,0.199203187250996,0.14144271570014144,"7.593044752",17,1.8726292018507853,205,0.28995756718529,226,0.31966053748231965
695578,"Wood, James",1029,0.901840490797546,721,"76.045597784",0.6268221574344025,0.3356449375866852,0.23517978620019436,0.2274618585298197,0.15937803692905733,"7.660401516",44,-1.2102944534998468,308,0.29931972789115646,353,0.3430515063168124
575929,"Contreras, Willson",926,0.9034146341463415,666,"75.993222084",0.620950323974082,0.2912912912912913,0.20950323974082075,0.1831831831831832,0.13174946004319654,"7.962314244",14,-10.232874256558684,260,0.28077753779697623,319,0.3444924406047516
680718,"Barger, Addison",859,0.9070749736008448,645,"75.938535076",0.6263096623981372,0.30697674418604654,0.23050058207217694,0.2062015503875969,0.1548311990686845,"7.657406962",7,-13.194447234421027,214,0.24912689173457508,318,0.370197904540163
663586,"Riley, Austin",800,0.9019165727170236,577,"75.887103088",0.6050000000000001,0.2755632582322357,0.19875,0.1923743500866551,0.13875,"7.567306888",18,-14.153772178770494,223,0.27875,265,0.33125
660821,"Sánchez, Jesús",834,0.9065217391304348,626,"75.853011942",0.5863309352517987,0.30670926517571884,0.2302158273381295,0.1853035143769968,0.13908872901678657,"6.920167854",14,-25.94718875727498,208,0.24940047961630696,319,0.3824940047961631
660271,"Ohtani, Shohei",1146,0.9037854889589906,785,"75.837303019",0.6178010471204191,0.3630573248407643,0.2486910994764398,0.2585987261146497,0.17713787085514834,"7.931339005",13,24.356984087336055,361,0.3150087260034904,387,0.337696335078534
673357,"Robert Jr., Luis",723,0.9026217228464419,518,"75.613043555",0.5739972337482713,0.28378378378378377,0.2033195020746888,0.1640926640926641,0.11756569847856155,"7.81207177",19,-14.91581521317575,205,0.2835408022130014,257,0.355463347164592
682985,"Greene, Riley",1255,0.9074475777295734,866,"75.60623192",0.5721115537848607,0.24595842956120093,0.1697211155378486,0.151270207852194,0.10438247011952191,"7.274556876",6,-13.158082701051246,389,0.3099601593625498,359,0.2860557768924303
683002,"Henderson, Gunnar",1069,0.9121160409556314,825,"75.357449345",0.5369504209541625,0.32606060606060605,0.2516370439663237,0.20606060606060606,0.15902712815715622,"7.279101805",21,-14.939072415991514,244,0.22825070159027128,419,0.39195509822263797
686948,"Baldwin, Drake",778,0.9067599067599068,638,"75.302231992",0.5642673521850899,0.31191222570532917,0.25578406169665807,0.1896551724137931,0.15552699228791775,"7.184185013",9,-1.586438098260928,140,0.17994858611825193,316,0.40616966580976865
624413,"Alonso, Pete",1133,0.9085805934242182,858,"75.256778967",0.5339805825242719,0.3356643356643357,0.25419240953221534,0.22727272727272727,0.17210944395410416,"7.057215755",15,-3.5933965704253907,275,0.24271844660194175,433,0.382171226831421
663728,"Raleigh, Cal",1292,0.9003484320557491,922,"75.247346749",0.5472136222910218,0.27765726681127983,0.19814241486068113,0.17462039045553146,0.12461300309597523,"7.896696424",30,6.180847835382188,370,0.28637770897832815,384,0.29721362229102166
682663,"Ramírez, Agustín",945,0.9104046242774566,719,"75.23016891",0.5544973544973543,0.3198887343532684,0.24338624338624337,0.21557719054242003,0.164021164021164,"7.505137651",19,-21.225438953618415,226,0.23915343915343915,399,0.4222222222222222
663624,"Mountcastle, Ryan",700,0.9090909090909091,485,"75.208351186",0.5257142857142856,0.27422680412371137,0.19,0.15257731958762888,0.10571428571428572,"7.524790529",13,-10.692263576480105,215,0.30714285714285716,223,0.31857142857142856
672356,"Arias, Gabriel",911,0.9082751744765702,556,"75.07646303",0.5268935236004392,0.2751798561151079,0.16794731064763996,0.1618705035971223,0.09879253567508232,"7.616500099",22,-29.699866585687435,355,0.3896816684961581,257,0.28210757409440174
621439,"Buxton, Byron",934,0.9050387596899225,665,"75.034829251",0.505353319057816,0.318796992481203,0.22698072805139186,0.20300751879699247,0.14453961456102785,"7.93421576",15,11.77297407717303,269,0.2880085653104925,332,0.3554603854389722
669065,"Stowers, Kyle",814,0.9024390243902439,566,"75.003284631",0.517199017199017,0.29858657243816256,0.2076167076167076,0.17491166077738515,0.12162162162162163,"6.737465393",24,4.838482866770953,248,0.3046683046683047,259,0.3181818181818182
656305,"Chapman, Matt",824,0.9064906490649065,627,"74.95186142",0.5084951456310679,0.29984051036682613,0.22815533980582525,0.18022328548644337,0.13713592233009708,"7.486535886",20,-15.121077697224438,197,0.23907766990291263,301,0.36529126213592233
683146,"Baty, Brett",717,0.9053030303030303,527,"74.80152152",0.4853556485355649,0.3092979127134725,0.22733612273361228,0.174573055028463,0.12831241283124128,"7.358614142",16,-5.207720388597842,190,0.2649930264993027,261,0.36401673640167365
680776,"Duran, Jarren",1090,0.9083333333333333,797,"74.780223881",0.4752293577981651,0.3199498117942284,0.23394495412844038,0.1944792973651192,0.14220183486238533,"7.483983569",21,-15.305054263230558,293,0.26880733944954127,417,0.38256880733944953
657757,"Sheets, Gavin",916,0.9078295341922695,732,"74.776802238",0.5185589519650655,0.3128415300546448,0.25,0.1762295081967213,0.1408296943231441,"7.744474476",20,-10.255521750531967,184,0.20087336244541484,374,0.40829694323144106
682998,"Carroll, Corbin",1082,0.9039264828738512,829,"74.653640647",0.45563770794824404,0.3039806996381182,0.23290203327171904,0.1942098914354644,0.1487985212569316,"7.305025518",20,-2.8409629276770767,253,0.23382624768946395,383,0.3539741219963031
669394,"Burger, Jake",648,0.9050279329608939,464,"74.646523071",0.4999999999999999,0.31896551724137934,0.22839506172839505,0.21551724137931033,0.15432098765432098,"7.434226512",13,-15.097950713727677,184,0.2839506172839506,240,0.37037037037037035
606466,"Marte, Ketel",844,0.9075268817204301,663,"74.616460948",0.45497630331753547,0.3559577677224736,0.2796208530805687,0.19306184012066366,0.15165876777251186,"7.834037192",14,-2.624932499390388,181,0.21445497630331753,365,0.4324644549763033
701358,"Smith, Cam",885,0.9049079754601227,640,"74.498750667",0.4689265536723164,0.2546875,0.18418079096045198,0.1453125,0.10508474576271186,"7.315622395",16,-22.388153224597723,245,0.2768361581920904,294,0.33220338983050846
682829,"De La Cruz, Elly",1083,0.9055183946488294,750,"74.485111062",0.4496768236380425,0.344,0.23822714681440443,0.204,0.14127423822714683,"7.188370813",32,-16.868322299654444,333,0.3074792243767313,409,0.37765466297322253
592518,"Machado, Manny",1185,0.9045801526717557,891,"74.470258042",0.4303797468354429,0.35353535353535354,0.26582278481012656,0.21997755331088664,0.16540084388185655,"7.822820886",20,-16.43074961618645,294,0.2481012658227848,456,0.3848101265822785
671056,"Herrera, Iván",703,0.9059278350515464,549,"74.395397681",0.476529160739687,0.3224043715846995,0.25177809388335703,0.18761384335154827,0.1465149359886202,"7.840217368",4,-9.046054688850019,154,0.21906116642958748,273,0.3883357041251778
696100,"Goodman, Hunter",1035,0.905511811023622,728,"74.380206309",0.4270531400966183,0.3090659340659341,0.21739130434782608,0.16346153846153846,0.11497584541062802,"7.255008937",27,5.785893316276203,307,0.2966183574879227,356,0.34396135265700484
677951,"Witt Jr., Bobby",1118,0.9074675324675324,868,"74.338869946",0.4508050089445439,0.3490783410138249,0.2710196779964222,0.20046082949308755,0.1556350626118068,"7.033687218",24,-2.695582839826689,250,0.22361359570661896,456,0.407871198568873
671739,"Harris II, Michael",1073,0.9039595619208087,824,"74.324738145",0.40726933830382095,0.3118932038834951,0.23951537744641194,0.18810679611650485,0.14445479962721341,"8.043171855",22,-29.62452746675034,249,0.2320596458527493,438,0.4082013047530289
547180,"Harper, Bryce",1035,0.9015679442508711,734,"74.188666589",0.4425120772946859,0.3010899182561308,0.2135265700483092,0.18392370572207084,0.13043478260869565,"7.340033498",15,-8.804649751425174,301,0.29082125603864734,348,0.336231884057971
677800,"Abreu, Wilyer",745,0.9063260340632603,593,"74.113350443",0.4093959731543624,0.2748735244519393,0.21879194630872484,0.16863406408094436,0.1342281879194631,"7.118607423",15,-4.90767040830521,152,0.2040268456375839,265,0.35570469798657717
572233,"Walker, Christian",1164,0.9016266460108443,847,"74.111090232",0.41838487972508587,0.2892561983471074,0.2104810996563574,0.1641086186540732,0.11941580756013746,"7.476153591",55,-24.716634870854378,317,0.27233676975945015,383,0.3290378006872852
691176,"Domínguez, Jasson",769,0.9111374407582938,566,"74.059258804",0.38491547464239273,0.28975265017667845,0.21326397919375814,0.17314487632508835,0.12743823146944083,"7.794933602",7,-13.426367399116925,203,0.26397919375812745,254,0.33029908972691807
545361,"Trout, Mike",857,0.9021052631578947,617,"74.049968238",0.4014002333722287,0.2739059967585089,0.1971995332555426,0.16369529983792544,0.11785297549591599,"7.462248705",25,-13.71609778956624,240,0.28004667444574094,262,0.3057176196032672
641857,"McMahon, Ryan",1001,0.9042457091237579,670,"74.025842228",0.40059940059940063,0.31343283582089554,0.2097902097902098,0.1701492537313433,0.11388611388611389,"7.443851459",28,-35.3918355156913,331,0.3306693306693307,299,0.2987012987012987
671218,"Ramos, Heliot",1122,0.9048387096774193,855,"74.003327959",0.44652406417112295,0.32748538011695905,0.24955436720142601,0.1824561403508772,0.13903743315508021,"6.83663451",24,-29.489537651578836,267,0.23796791443850268,430,0.38324420677361853
624424,"Conforto, Michael",829,0.9150110375275938,637,"73.982100627",0.4294330518697226,0.2731554160125589,0.20989143546441497,0.141287284144427,0.10856453558504221,"7.308617262",7,-34.363979051951674,192,0.2316043425814234,284,0.3425814234016888
691016,"Soderstrom, Tyler",961,0.9100378787878788,732,"73.962033767",0.380853277835588,0.33060109289617484,0.2518210197710718,0.20901639344262296,0.15920915712799166,"7.4820018",27,-11.149626034495402,229,0.23829344432882413,377,0.3922996878251821
665487,"Tatis Jr., Fernando",1036,0.9048034934497816,774,"73.960078147",0.4266409266409266,0.3695090439276486,0.27606177606177607,0.21834625322997417,0.16312741312741313,"7.28345333",32,-18.992086265629617,262,0.2528957528957529,415,0.40057915057915056
621566,"Olson, Matt",1256,0.9088277858176556,940,"73.94386164",0.41321656050955413,0.2925531914893617,0.21894904458598727,0.18085106382978725,0.13535031847133758,"7.47358371",21,-9.374990131074465,316,0.2515923566878981,406,0.3232484076433121
665862,"Chisholm Jr., Jazz",882,0.9064748201438849,609,"73.917035181",0.4183673469387754,0.2955665024630542,0.20408163265306123,0.1625615763546798,0.11224489795918367,"7.803504456",7,-5.135668038653256,273,0.30952380952380953,283,0.32086167800453513
694192,"Chourio, Jackson",992,0.9009990917347865,760,"73.879173498",0.4002016129032257,0.34342105263157896,0.26310483870967744,0.1868421052631579,0.1431451612903226,"7.507009163",22,-5.14675988130341,232,0.23387096774193547,402,0.40524193548387094
664040,"Lowe, Brandon",1055,0.9055793991416309,741,"73.851873033",0.4037914691943128,0.29959514170040485,0.2104265402843602,0.15654520917678813,0.10995260663507109,"7.18868",31,-10.576748532222508,314,0.2976303317535545,341,0.3232227488151659
669127,"Langeliers, Shea",890,0.9053916581892166,673,"73.81913436",0.3955056179775281,0.32392273402674593,0.2449438202247191,0.18722139673105498,0.14157303370786517,"7.21035436",5,0.8332051736052117,217,0.24382022471910111,352,0.3955056179775281
621043,"Correa, Carlos",935,0.9095330739299611,742,"73.794989283",0.3775401069518716,0.3140161725067385,0.24919786096256685,0.18328840970350405,0.14545454545454545,"7.194724684",15,-12.406337852114664,193,0.20641711229946524,383,0.40962566844919784
543807,"Springer, George",921,0.8994140625,691,"73.77621177",0.4049945711183496,0.32850940665701883,0.24647122692725298,0.18668596237337193,0.14006514657980457,"7.504805722",13,8.802082421400383,230,0.249728555917481,353,0.38327904451682954
666160,"Moniak, Mickey",800,0.8998875140607424,593,"73.765342013",0.37374999999999997,0.33220910623946037,0.24625,0.16863406408094436,0.125,"7.673505663",19,3.051605456594215,207,0.25875,314,0.3925
671732,"Butler, Lawrence",1046,0.902502157031924,722,"73.760173241",0.39292543021032506,0.3047091412742382,0.21032504780114722,0.17590027700831026,0.121414913957935,"7.082091597",26,-26.36630564507024,324,0.30975143403441685,357,0.34130019120458893
668904,"Lewis, Royce",685,0.9036939313984169,513,"73.617539693",0.39708029197080286,0.3333333333333333,0.24963503649635035,0.16764132553606237,0.12554744525547445,"8.026708905",12,-5.22360479250036,172,0.2510948905109489,264,0.3854014598540146
665742,"Soto, Juan",917,0.8999018645731109,752,"73.594467372",0.40894220283533267,0.3962765957446808,0.3249727371864776,0.2632978723404255,0.2159214830970556,"7.028068844",36,16.084871064920286,165,0.17993456924754633,414,0.4514721919302072
650490,"Díaz, Yandy",980,0.9057301293900185,812,"73.581309786",0.35408163265306125,0.3645320197044335,0.3020408163265306,0.23891625615763548,0.19795918367346937,"7.639707929",9,-6.740380517909364,168,0.17142857142857143,441,0.45
667670,"Rooker, Brent",1135,0.9029435163086714,819,"73.550019674",0.35594713656387666,0.3321123321123321,0.239647577092511,0.17094017094017094,0.12334801762114538,"7.101663163",45,-12.069214236755762,316,0.27841409691629954,439,0.38678414096916297
664056,"Bader, Harrison",835,0.90465872156013,605,"73.527069449",0.37125748502994016,0.28264462809917357,0.20479041916167665,0.15206611570247933,0.11017964071856287,"7.150258299",18,-3.309491334534788,230,0.2754491017964072,298,0.3568862275449102
595879,"Báez, Javier",738,0.8989037758830695,529,"73.51512607",0.3441734417344174,0.30245746691871456,0.21680216802168023,0.16257088846880907,0.11653116531165311,"8.2668379",10,-9.155960811659831,209,0.28319783197831977,278,0.37669376693766937
663457,"Nootbaar, Lars",807,0.9047085201793722,650,"73.436411289",0.3779429987608426,0.36,0.2899628252788104,0.19384615384615383,0.15613382899628253,"6.894047968",20,-24.955215824782115,157,0.19454770755885997,355,0.4399008674101611
669224,"Wells, Austin",807,0.9036954087346024,604,"73.426844994",0.3110285006195787,0.2947019867549669,0.22057001239157373,0.1672185430463576,0.1251548946716233,"7.595962491",12,-13.494130598246237,203,0.25154894671623296,274,0.3395291201982652
676572,"Wagaman, Eric",778,0.9036004645760743,609,"73.418307545",0.3663239074550128,0.3760262725779967,0.2943444730077121,0.19540229885057472,0.15295629820051415,"7.128526028",26,-15.718846339676137,169,0.21722365038560412,356,0.45758354755784064
700250,"Rice, Ben",780,0.9090909090909091,629,"73.40694141",0.34487179487179487,0.3863275039745628,0.31153846153846154,0.24006359300476948,0.1935897435897436,"7.361684654",15,-2.5367515371934632,151,0.1935897435897436,340,0.4358974358974359
502054,"Pham, Tommy",646,0.906030855539972,508,"73.392688746",0.3281733746130032,0.3700787401574803,0.29102167182662536,0.18110236220472442,0.14241486068111456,"7.02630017",11,-13.512860644928853,138,0.21362229102167182,274,0.4241486068111455
673548,"Suzuki, Seiya",978,0.9013824884792627,775,"73.387595654",0.37525562372188137,0.33548387096774196,0.2658486707566462,0.19225806451612903,0.1523517382413088,"7.225756513",25,0.14380904674679162,203,0.20756646216768918,396,0.4049079754601227
592885,"Yelich, Christian",1053,0.901541095890411,760,"73.379729421",0.3561253561253561,0.3236842105263158,0.2336182336182336,0.18289473684210528,0.13200379867046533,"7.537375935",23,-10.449759203516798,293,0.27825261158594494,381,0.36182336182336183
661388,"Contreras, William",1053,0.9,823,"73.235586923",0.3494776828110161,0.36573511543134873,0.2858499525166192,0.19319562575941676,0.150997150997151,"7.111665878",27,-16.103008036818338,230,0.2184235517568851,421,0.3998100664767331
687597,"Beck, Jordan",942,0.9075144508670521,658,"73.199990499",0.3290870488322718,0.26443768996960487,0.18471337579617833,0.1337386018237082,0.09341825902335456,"7.724561242",8,-9.446203673073178,284,0.30148619957537154,319,0.3386411889596603
694671,"Langford, Wyatt",900,0.9063444108761329,675,"73.144246678",0.29,0.3437037037037037,0.2577777777777778,0.17925925925925926,0.13444444444444445,"7.020940822",10,-14.443506808030195,225,0.25,321,0.3566666666666667
605137,"Bell, Josh",889,0.9080694586312564,698,"73.081846254",0.3487064116985377,0.3438395415472779,0.26996625421822273,0.18624641833810887,0.14623172103487064,"7.964290945",12,-23.43524609413467,191,0.21484814398200225,364,0.4094488188976378
679529,"Torkelson, Spencer",1048,0.9105125977410947,789,"73.047568006",0.26431297709923673,0.30671736375158426,0.23091603053435114,0.1520912547528517,0.11450381679389313,"7.762899275",17,-21.967004332335136,259,0.24713740458015268,369,0.3520992366412214
606192,"Hernández, Teoscar",938,0.9054054054054054,655,"72.960485394",0.3113006396588487,0.3480916030534351,0.24307036247334754,0.18473282442748093,0.12899786780383796,"7.809747921",26,-15.959592075791178,283,0.3017057569296375,350,0.373134328358209
521692,"Perez, Salvador",1156,0.9010132501948558,866,"72.943476332",0.3053633217993079,0.32678983833718245,0.24480968858131488,0.1766743648960739,0.1323529411764706,"7.854741981",22,-20.94167370321376,290,0.2508650519031142,443,0.38321799307958476
542303,"Ozuna, Marcell",906,0.9014925373134328,677,"72.883619272",0.31567328918322307,0.3175775480059084,0.23730684326710816,0.14623338257016247,0.10927152317880795,"7.2430117",3,-13.287422450449302,229,0.25275938189845476,313,0.3454746136865342
666134,"Jones, Nolan",690,0.9019607843137255,502,"72.724750536",0.31449275362318846,0.30278884462151395,0.22028985507246376,0.14143426294820718,0.10289855072463767,"6.87245613",14,-26.505210080917305,188,0.27246376811594203,216,0.3130434782608696
669911,"Toglia, Michael",585,0.8944954128440367,387,"72.724575419",0.22735042735042743,0.2661498708010336,0.17606837606837608,0.13178294573643412,0.08717948717948718,"7.579395009",15,-15.924700650585285,198,0.3384615384615385,167,0.28547008547008546
669357,"Gorman, Nolan",687,0.9027595269382391,465,"72.705924687",0.2445414847161573,0.2752688172043011,0.18631732168850074,0.13118279569892474,0.08879184861717612,"7.552257918",17,-20.791175122438716,222,0.3231441048034934,200,0.29112081513828236
691718,"Crow-Armstrong, Pete",1214,0.9066467513069455,895,"72.697234671",0.28418451400329486,0.3005586592178771,0.2215815485996705,0.1463687150837989,0.10790774299835255,"7.235794638",24,-6.862715526267827,319,0.2627677100494234,413,0.3401976935749588
686555,"Collins, Isaac",683,0.9058355437665783,542,"72.67321325",0.225475841874085,0.3044280442804428,0.24158125915080528,0.14022140221402213,0.11127379209370425,"6.688299605",19,-11.119971146382962,141,0.20644216691068815,262,0.383601756954612
663993,"Lowe, Nathaniel",1035,0.9039301310043668,801,"72.667132184",0.24251207729468593,0.2746566791510612,0.21256038647342995,0.13358302122347065,0.10338164251207729,"7.221843797",28,-23.181950250155893,234,0.22608695652173913,356,0.34396135265700484
502671,"Goldschmidt, Paul",899,0.9136178861788617,731,"72.636083092",0.2191323692992213,0.34062927496580025,0.27697441601779754,0.1573187414500684,0.12791991101223582,"7.588893059",9,-14.010241656527121,168,0.18687430478309233,371,0.41268075639599555
686780,"Pagés, Pedro",684,0.9059602649006623,502,"72.593405746",0.27339181286549713,0.26294820717131473,0.19298245614035087,0.1254980079681275,0.09210526315789473,"7.110053275",18,-16.472910426942363,182,0.26608187134502925,240,0.3508771929824561
683011,"Volpe, Anthony",978,0.9047178538390379,742,"72.588285736",0.28527607361963186,0.33423180592991913,0.25357873210633947,0.15498652291105122,0.11758691206543967,"7.248732894",11,-32.44922103499037,236,0.24130879345603273,361,0.36912065439672803
672820,"Sosa, Lenyn",932,0.9057337220602527,729,"72.574127146",0.2628755364806866,0.3443072702331962,0.26931330472103004,0.16186556927297668,0.12660944206008584,"7.420237575",9,1.5749643873054153,203,0.21781115879828325,372,0.39914163090128757
681624,"Pages, Andy",1108,0.9000812347684809,899,"72.562527924",0.21389891696750904,0.2936596218020022,0.23826714801444043,0.12680756395995552,0.10288808664259928,"7.89073602",31,1.577130639058821,209,0.18862815884476533,417,0.37635379061371843
608369,"Seager, Corey",731,0.9024691358024691,539,"72.552322271",0.21887824897400818,0.35435992578849723,0.2612859097127223,0.20408163265306123,0.15047879616963064,"6.68573275",21,-6.603626065650239,192,0.26265389876880985,265,0.3625170998632011
686469,"Pasquantino, Vinnie",1096,0.9087893864013267,909,"72.537682883",0.2645985401459853,0.36303630363036304,0.3010948905109489,0.18261826182618263,0.15145985401459855,"7.384403695",12,-2.117489872099407,187,0.17062043795620438,479,0.43704379562043794
672386,"Kirk, Alejandro",846,0.9136069114470843,695,"72.516343215",0.28486997635933814,0.38273381294964026,0.3144208037825059,0.21007194244604316,0.17257683215130024,"7.190064622",12,-14.509225404273934,151,0.17848699763593381,384,0.45390070921985815
666139,"Lowe, Josh",875,0.9057971014492754,636,"72.43918344",0.27542857142857147,0.2688679245283019,0.19542857142857142,0.10062893081761007,0.07314285714285715,"7.309980034",15,-31.409464724477534,239,0.27314285714285713,265,0.3028571428571429
671277,"García Jr., Luis",878,0.9051546391752577,710,"72.4022391",0.28018223234624146,0.376056338028169,0.3041002277904328,0.18028169014084508,0.14578587699316628,"7.401102995",18,-10.64904021013917,168,0.19134396355353075,388,0.4419134396355353
682928,"Abrams, CJ",1033,0.9006102877070619,799,"72.400841365",0.2545982575024201,0.3141426783479349,0.24298160696999033,0.1376720901126408,0.10648596321393998,"7.600194743",28,-22.618714498674038,234,0.2265246853823814,415,0.40174249757986447
687401,"Ortiz, Joey",759,0.9046483909415971,643,"72.400831436",0.2437417654808959,0.27527216174183516,0.233201581027668,0.1290824261275272,0.10935441370223979,"7.529069433",7,-16.46256922970198,116,0.152832674571805,356,0.46903820816864294
666310,"Naylor, Bo",705,0.9085051546391752,566,"72.371691887",0.22127659574468092,0.2862190812720848,0.2297872340425532,0.11484098939929328,0.09219858156028368,"7.765857106",18,-21.716660992053193,139,0.1971631205673759,248,0.3517730496453901
676475,"Burleson, Alec",838,0.9020452099031216,706,"72.364166718",0.2923627684964201,0.3909348441926346,0.32935560859188545,0.18696883852691218,0.1575178997613365,"7.452156718",12,0.3657486046974485,132,0.1575178997613365,389,0.46420047732696895
665161,"Peña, Jeremy",811,0.9051339285714286,604,"72.317324538",0.15659679408138105,0.4056291390728477,0.30209617755856966,0.1986754966887417,0.14796547472256474,"7.551023366",13,0.9037977011332274,207,0.25524044389642414,381,0.46979038224414305
668227,"Arozarena, Randy",1097,0.9006568144499179,796,"72.298457347",0.2962625341841385,0.3492462311557789,0.2534184138559708,0.18216080402010051,0.13217866909753875,"7.44483732",20,-18.671230722225456,301,0.27438468550592526,385,0.35095715587967186
665966,"Narváez, Carlos",796,0.9045454545454545,590,"72.283279987",0.2047738693467337,0.34576271186440677,0.2562814070351759,0.15593220338983052,0.11557788944723618,"7.594159384",15,-15.19804025620564,206,0.25879396984924624,274,0.3442211055276382
553993,"Suárez, Eugenio",1153,0.8986749805144193,806,"72.266508899",0.2645273200346921,0.3176178660049628,0.2220294882914137,0.15508684863523572,0.10841283607979185,"7.802119254",57,2.0196836109258136,347,0.30095403295750217,373,0.32350390286209885
607043,"Nimmo, Brandon",1061,0.9029787234042553,817,"72.253574015",0.26484448633364743,0.34394124847001223,0.2648444863336475,0.19216646266829865,0.14797360980207352,"7.190820801",22,-21.517213260743734,244,0.2299717247879359,403,0.37983034872761545
668804,"Reynolds, Bryan",1151,0.9027450980392157,843,"72.221864657",0.2284969591659427,0.32858837485172004,0.24066029539530842,0.16370106761565836,0.11989574283231973,"6.94773384",45,-30.196798309516332,308,0.2675933970460469,390,0.33883579496090355
593428,"Bogaerts, Xander",741,0.9036585365853659,592,"72.216795992",0.26045883940620784,0.36317567567567566,0.2901484480431849,0.1570945945945946,0.12550607287449392,"7.335557058",16,-19.233422470394647,149,0.20107962213225372,352,0.4750337381916329
657656,"Laureano, Ramón",827,0.900871459694989,618,"72.196977195",0.2237001209189843,0.31715210355987056,0.2370012091898428,0.1650485436893204,0.12333736396614269,"7.013023603",27,-1.5459905592311556,209,0.25272067714631197,293,0.3542926239419589
663616,"Larnach, Trevor",860,0.9071729957805907,615,"72.186017407",0.2325581395348837,0.37886178861788616,0.2709302325581395,0.16747967479674797,0.11976744186046512,"7.269012651",19,-21.314549792507155,245,0.28488372093023256,345,0.4011627906976744
673237,"Diaz, Yainer",986,0.9029304029304029,778,"72.179364087",0.21703853955375252,0.34575835475578404,0.27281947261663286,0.17480719794344474,0.13793103448275862,"7.334043428",30,-15.380481138920267,208,0.21095334685598377,416,0.42190669371196754
665019,"Clemens, Kody",657,0.9062068965517242,509,"72.17843102",0.17503805175038056,0.34577603143418467,0.2678843226788432,0.18271119842829076,0.1415525114155251,"7.277118447",9,-13.96859791056256,148,0.2252663622526636,240,0.365296803652968
666969,"García, Adolis",1002,0.9067873303167421,722,"72.128697236",0.25349301397205587,0.3587257617728532,0.25848303393213573,0.16897506925207756,0.1217564870259481,"7.584371627",16,-31.2405958252168,280,0.27944111776447106,359,0.3582834331337325
642715,"Adames, Willy",1152,0.9049489395129615,846,"72.054164271",0.19791666666666674,0.2919621749408983,0.2144097222222222,0.1182033096926714,0.08680555555555555,"8.139825538",14,-20.473702825555456,306,0.265625,388,0.3368055555555556
663656,"Tucker, Kyle",920,0.9037328094302554,756,"72.049498598",0.23586956521739136,0.3611111111111111,0.2967391304347826,0.15343915343915343,0.12608695652173912,"7.554564467",15,-16.413754002137196,164,0.1782608695652174,397,0.4315217391304348
592663,"Realmuto, J.T.",937,0.9097087378640777,721,"72.035947332",0.2625400213447172,0.30374479889042993,0.23372465314834578,0.14979195561719832,0.1152614727854856,"7.517769466",16,-28.899140528538766,216,0.2305229455709712,336,0.35859124866595515
663697,"India, Jonathan",830,0.9011943539630836,690,"71.98980012",0.23493975903614459,0.32608695652173914,0.2710843373493976,0.13623188405797101,0.11325301204819277,"7.298696494",29,-28.429721706691733,140,0.1686746987951807,368,0.4433734939759036
701538,"Merrill, Jackson",854,0.9046610169491526,627,"71.972846183",0.1990632318501171,0.30303030303030304,0.2224824355971897,0.15311004784688995,0.11241217798594848,"7.436493618",17,-7.375191973680488,227,0.265807962529274,290,0.3395784543325527
681351,"O'Hoppe, Logan",802,0.9001122334455668,552,"71.969371147",0.20448877805486285,0.34057971014492755,0.2344139650872818,0.17028985507246377,0.1172069825436409,"7.631040935",17,-26.42973965963934,250,0.3117206982543641,258,0.32169576059850374
672580,"Garcia, Maikel",893,0.9047619047619048,776,"71.90805112",0.17133258678611427,0.44072164948453607,0.3829787234042553,0.21391752577319587,0.1858902575587906,"7.263934446",11,-4.24424204806075,117,0.13101903695408734,480,0.5375139977603584
669720,"Hays, Austin",716,0.9017632241813602,510,"71.906863226",0.1983240223463687,0.31176470588235294,0.22206703910614525,0.13137254901960785,0.0935754189944134,"7.05676338",29,-17.28504441375836,206,0.2877094972067039,254,0.3547486033519553
681481,"Carpenter, Kerry",822,0.9092920353982301,629,"71.899245657",0.18248175182481763,0.383147853736089,0.29318734793187345,0.16375198728139906,0.12530413625304138,"7.478105134",22,4.568548345274725,193,0.23479318734793186,313,0.38077858880778587
656811,"O'Hearn, Ryan",909,0.9126506024096386,713,"71.773209505",0.17821782178217824,0.3281907433380084,0.25742574257425743,0.14305750350631136,0.11221122112211221,"7.115698504",18,-10.57114487086361,196,0.2156215621562156,346,0.38063806380638066
664761,"Bohm, Alec",770,0.903755868544601,666,"71.710521857",0.18181818181818182,0.37537537537537535,0.3246753246753247,0.17267267267267267,0.14935064935064934,"7.279825935",11,-7.265147769167262,104,0.13506493506493505,359,0.4662337662337662
672640,"Lopez, Otto",874,0.9028925619834711,726,"71.697503158",0.2196796338672769,0.3774104683195592,0.3135011441647597,0.17079889807162535,0.14187643020594964,"6.7934977",19,-19.26510208604417,148,0.16933638443935928,420,0.4805491990846682
693307,"Dingler, Dillon",773,0.904093567251462,595,"71.690906274",0.14618369987063393,0.33949579831932775,0.2613195342820181,0.16806722689075632,0.129366106080207,"7.699791552",14,-9.080691930515489,178,0.23027166882276842,303,0.39197930142302717
664023,"Happ, Ian",1036,0.9048034934497816,790,"71.685793407",0.17181467181467186,0.3265822784810127,0.24903474903474904,0.16075949367088607,0.12258687258687259,"6.916037876",15,-27.223419162047197,246,0.23745173745173745,384,0.37065637065637064
678662,"Tovar, Ezequiel",774,0.9042056074766355,539,"71.626449315",0.19121447028423774,0.26159554730983303,0.1821705426356589,0.1261595547309833,0.08785529715762273,"7.53609593",7,-21.746842389247046,235,0.30361757105943155,241,0.31136950904392763
650489,"Castro, Willi",805,0.9014557670772676,585,"71.612669441",0.2111801242236026,0.27692307692307694,0.20124223602484473,0.12478632478632479,0.0906832298136646,"7.23363759",13,-16.161890878882314,220,0.2732919254658385,261,0.3242236024844721
646240,"Devers, Rafael",1281,0.9098011363636364,882,"71.576284145",0.1975019516003123,0.31519274376417233,0.21701795472287275,0.17913832199546487,0.12334113973458236,"7.56935064",28,-25.380992237162303,399,0.3114754098360656,376,0.2935206869633099
672275,"Bailey, Patrick",747,0.9,550,"71.564001499",0.15796519410977247,0.3109090909090909,0.2289156626506024,0.13272727272727272,0.09772423025435073,"7.295490455",11,-24.60876034054671,197,0.2637215528781794,270,0.3614457831325301
571448,"Arenado, Nolan",694,0.9001297016861219,589,"71.430622896",0.16858789625360232,0.3395585738539898,0.2881844380403458,0.11375212224108659,0.09654178674351585,"8.428663012",16,-17.935865544366212,105,0.15129682997118155,332,0.4783861671469741
687263,"Neto, Zach",925,0.9033203125,672,"71.408776519",0.13297297297297295,0.36607142857142855,0.26594594594594595,0.1800595238095238,0.1308108108108108,"7.055745276",30,-10.88804973507006,253,0.2735135135135135,327,0.3535135135135135
669016,"Marsh, Brandon",690,0.9067017082785808,537,"71.378969261",0.13913043478260873,0.34450651769087526,0.26811594202898553,0.15083798882681565,0.11739130434782609,"7.135065899",8,-6.464352253934502,153,0.2217391304347826,255,0.3695652173913043
671289,"Freeman, Tyler",643,0.9069111424541608,568,"71.319275474",0.14618973561430795,0.35563380281690143,0.3141524105754277,0.13380281690140844,0.1181959564541213,"6.940430793",7,-19.150066296004677,75,0.1166407465007776,293,0.4556765163297045
596146,"Kepler, Max",784,0.9001148105625718,621,"71.317340357",0.15943877551020405,0.3671497584541063,0.29081632653061223,0.16586151368760063,0.13137755102040816,"7.364814694",27,-22.881865550612623,163,0.20790816326530612,312,0.3979591836734694
467793,"Santana, Carlos",770,0.9080188679245284,591,"71.281599818",0.17142857142857149,0.29441624365482233,0.22597402597402597,0.13028764805414553,0.1,"7.636639403",13,-30.545483574830232,179,0.23246753246753246,281,0.36493506493506495
668901,"Vientos, Mark",792,0.9051428571428571,551,"71.24039673",0.14772727272727273,0.3720508166969147,0.2588383838383838,0.16878402903811252,0.11742424242424243,"7.553542462",25,-21.455410540503564,241,0.3042929292929293,270,0.3409090909090909
607208,"Turner, Trea",1064,0.9039932030586236,814,"71.19041031",0.17857142857142858,0.3353808353808354,0.2565789473684211,0.14619164619164618,0.1118421052631579,"7.551491476",18,-6.487987505933715,250,0.2349624060150376,419,0.39379699248120303
677950,"Thomas, Alek",763,0.8976470588235295,566,"71.188748702",0.14547837483617307,0.3409893992932862,0.2529488859764089,0.16431095406360424,0.1218872870249017,"7.030923539",31,-22.032945801883155,197,0.2581913499344692,283,0.3709043250327654
663647,"Hayes, Ke'Bryan",828,0.9029443838604144,665,"71.186608188",0.11835748792270534,0.37593984962406013,0.30193236714975846,0.16541353383458646,0.13285024154589373,"6.783318623",11,-31.109832190445974,163,0.19685990338164253,375,0.4528985507246377
573262,"Yastrzemski, Mike",851,0.9033970276008493,711,"71.157046792",0.09635722679200942,0.3459915611814346,0.2890716803760282,0.13783403656821377,0.11515863689776733,"7.494932115",15,-25.119056487112765,140,0.1645123384253819,347,0.40775558166862513
593871,"Polanco, Jorge",812,0.9022222222222223,643,"71.156208596",0.14778325123152714,0.39191290824261277,0.3103448275862069,0.18662519440124417,0.1477832512315271,"7.214020185",24,-3.3078470537465625,169,0.20812807881773399,352,0.43349753694581283
571970,"Muncy, Max",588,0.8936170212765957,451,"71.14725068",0.14285714285714285,0.31929046563192903,0.24489795918367346,0.15964523281596452,0.12244897959183673,"7.006632381",12,-12.514534600345165,137,0.23299319727891157,201,0.34183673469387754
457705,"McCutchen, Andrew",889,0.9016227180527383,676,"71.141759235",0.12148481439820022,0.3136094674556213,0.23847019122609675,0.14053254437869822,0.10686164229471316,"7.650937379",22,-28.436861647630934,213,0.23959505061867267,317,0.3565804274465692
656775,"Mullins, Cedric",866,0.9058577405857741,672,"71.117985693",0.1096997690531178,0.29464285714285715,0.22863741339491916,0.11607142857142858,0.09006928406466513,"7.548014007",15,-29.349650684463576,194,0.22401847575057737,284,0.3279445727482679
691026,"Winn, Masyn",891,0.9045685279187817,724,"71.101336577",0.1728395061728395,0.31215469613259667,0.2536475869809203,0.11740331491712708,0.09539842873176206,"7.466488844",9,-25.11363583171606,167,0.18742985409652077,347,0.3894500561167228
596115,"Story, Trevor",1172,0.904320987654321,827,"71.088040828",0.14249146757679185,0.31197097944377267,0.22013651877133106,0.16444981862152358,0.11604095563139932,"7.358714863",20,-14.343413612207097,345,0.29436860068259385,380,0.3242320819112628
641487,"Crawford, J.P.",1075,0.9048821548821548,867,"71.054431516",0.19348837209302325,0.2952710495963091,0.23813953488372094,0.10957324106113034,0.08837209302325581,"7.155855628",7,-28.20209053839775,208,0.19348837209302325,414,0.3851162790697674
663757,"Grisham, Trent",802,0.9001122334455668,640,"71.027885112",0.11471321695760602,0.378125,0.30174563591022446,0.1828125,0.14588528678304238,"7.616144938",15,-7.012204800986813,162,0.20199501246882792,324,0.40399002493765584
678882,"Rafaela, Ceddanne",1104,0.902698282910875,820,"71.017957464",0.12409420289855078,0.32682926829268294,0.2427536231884058,0.1402439024390244,0.10416666666666667,"7.450740571",20,-23.876926967034738,284,0.2572463768115942,401,0.3632246376811594
608324,"Bregman, Alex",714,0.9095541401273886,623,"71.001324846",0.0896358543417367,0.4301765650080257,0.3753501400560224,0.15248796147672553,0.1330532212885154,"7.072280294",17,-4.617121518842803,91,0.12745098039215685,349,0.4887955182072829
664034,"France, Ty",860,0.9024134312696747,695,"70.990008291",0.14651162790697675,0.339568345323741,0.2744186046511628,0.15683453237410072,0.12674418604651164,"7.444853895",19,-21.286561793231968,165,0.19186046511627908,339,0.3941860465116279
596019,"Lindor, Francisco",1180,0.9062980030721967,942,"70.957487339",0.16440677966101694,0.3375796178343949,0.26949152542372884,0.13906581740976645,0.11101694915254237,"7.500810839",14,-23.705192399748945,238,0.2016949152542373,436,0.3694915254237288
608070,"Ramírez, José",1084,0.9063545150501672,941,"70.947914345",0.16236162361623618,0.34643995749202977,0.3007380073800738,0.13177470775770456,0.11439114391143912,"7.238763063",18,1.902769511823089,143,0.13191881918819187,474,0.43726937269372695
647304,"Naylor, Josh",929,0.8975845410628019,739,"70.943762508",0.1776103336921421,0.39242219215155616,0.31216361679224974,0.16373477672530445,0.1302475780409042,"7.579933671",21,-1.9448138686284278,190,0.20452099031216361,423,0.45532831001076424
630105,"Cronenworth, Jake",801,0.897982062780269,653,"70.938401161",0.15480649188514362,0.3016845329249617,0.2459425717852684,0.11944869831546708,0.09737827715355805,"7.022978152",9,-22.261454776480882,148,0.18476903870162298,291,0.36329588014981273
682177,"Schneemann, Daniel",660,0.9004092769440655,479,"70.924933455",0.11969696969696972,0.34029227557411273,0.24696969696969698,0.14613778705636743,0.10606060606060606,"7.012910439",26,-20.148991765240773,181,0.27424242424242423,241,0.36515151515151517
621020,"Swanson, Dansby",1122,0.9033816425120773,810,"70.915341854",0.056149732620320865,0.35555555555555557,0.25668449197860965,0.16913580246913582,0.12210338680926916,"7.415592442",29,-24.224196010502503,312,0.27807486631016043,399,0.35561497326203206
668715,"Steer, Spencer",984,0.9027522935779817,748,"70.872283211",0.07113821138211383,0.30080213903743314,0.22865853658536586,0.10026737967914438,0.07621951219512195,"7.388738669",18,-15.088790457914557,236,0.23983739837398374,359,0.3648373983739837
686668,"Doyle, Brenton",862,0.9026178010471204,625,"70.753457343",0.06264501160092807,0.3648,0.26450116009280744,0.1584,0.1148491879350348,"7.21751203",24,-25.014215088532296,237,0.27494199535962877,334,0.3874709976798144
690993,"Keith, Colt",732,0.9093167701863354,579,"70.746111175",0.09972677595628415,0.35578583765112265,0.2814207650273224,0.15198618307426598,0.12021857923497267,"6.814692404",15,-17.166520194743935,153,0.20901639344262296,293,0.40027322404371585
643446,"McNeil, Jeff",793,0.9042189281641961,678,"70.745086822",0.1021437578814628,0.3141592920353982,0.2686002522068096,0.09144542772861357,0.07818411097099622,"7.330167793",17,-16.133921532288205,115,0.1450189155107188,322,0.4060529634300126
683734,"Vaughn, Andrew",713,0.9013906447534766,569,"70.666420463",0.12201963534361852,0.4007029876977153,0.31977559607293127,0.1827768014059754,0.1458625525946704,"7.262415568",11,-20.421396311911188,144,0.20196353436185133,306,0.42917251051893407
668930,"Turang, Brice",1070,0.9006734006734006,867,"70.652912252",0.1813084112149533,0.34371395617070355,0.27850467289719627,0.14302191464821223,0.11588785046728972,"6.829842991",27,-5.936100626309121,203,0.1897196261682243,404,0.3775700934579439
678246,"Vargas, Miguel",940,0.9012464046021093,772,"70.631688011",0.11702127659574472,0.3601036269430052,0.2957446808510638,0.13212435233160622,0.10851063829787234,"7.605435479",17,-23.901337647402134,168,0.17872340425531916,372,0.39574468085106385
702616,"Holliday, Jackson",996,0.9038112522686026,771,"70.618351546",0.10742971887550203,0.35149156939040205,0.2720883534136546,0.1504539559014267,0.11646586345381527,"6.903384729",21,-29.14060715354509,225,0.22590361445783133,398,0.39959839357429716
700932,"Manzardo, Kyle",855,0.9047619047619048,625,"70.594998772",0.07953216374269007,0.3568,0.2608187134502924,0.1424,0.10409356725146199,"7.394629942",20,-11.34209184446488,230,0.26900584795321636,306,0.35789473684210527
666971,"Gurriel Jr., Lourdes",923,0.9013671875,758,"70.593145666",0.09642470205850491,0.35224274406332456,0.28927410617551463,0.12928759894459102,0.10617551462621885,"7.490822839",16,-10.012054270893701,165,0.17876489707475623,402,0.4355362946912243
672761,"Pérez, Wenceel",671,0.9079837618403248,498,"70.54541386",0.08494783904619971,0.3714859437751004,0.2757078986587183,0.142570281124498,0.10581222056631892,"6.956413279",3,-12.255375540928911,173,0.2578241430700447,240,0.35767511177347244
592206,"Castellanos, Nick",1126,0.9015212169735789,798,"70.532084618",0.1696269982238011,0.32205513784461154,0.22824156305506216,0.11904761904761904,0.08436944937833037,"7.681796581",17,-22.4107416565515,328,0.2912966252220249,370,0.3285968028419183
693304,"Gonzales, Nick",702,0.9034749034749034,543,"70.520509943",0.13390313390313396,0.35359116022099446,0.27350427350427353,0.13259668508287292,0.10256410256410256,"7.548539487",24,-22.54336373419476,159,0.2264957264957265,282,0.4017094017094017
666018,"Aranda, Jonathan",730,0.9012345679012346,558,"70.474476274",0.136986301369863,0.3207885304659498,0.2452054794520548,0.16666666666666666,0.1273972602739726,"7.291074945",9,1.6258394054350083,172,0.2356164383561644,238,0.32602739726027397
608348,"Kelly, Carson",662,0.9131034482758621,523,"70.432858852",0.06193353474320243,0.35181644359464626,0.27794561933534745,0.1491395793499044,0.11782477341389729,"6.993969532",2,-13.276944799502314,139,0.20996978851963746,260,0.39274924471299094
673962,"Jung, Josh",870,0.9015544041450777,668,"70.283741103",0.051724137931034496,0.33532934131736525,0.2574712643678161,0.16766467065868262,0.12873563218390804,"6.976292299",17,-12.795150950707898,202,0.23218390804597702,325,0.3735632183908046
682657,"Martínez, Angel",818,0.9028697571743929,641,"70.190628509",0.10757946210268952,0.3088923556942278,0.24205378973105135,0.09516380655226209,0.0745721271393643,"7.380795758",7,-27.444469780108054,177,0.21638141809290953,300,0.36674816625916873
650402,"Torres, Gleyber",948,0.90371782650143,772,"70.189734515",0.11814345991561187,0.3588082901554404,0.2921940928270042,0.14507772020725387,0.11814345991561181,"7.158491508",17,-28.224773982759775,176,0.18565400843881857,383,0.4040084388185654
669242,"Edman, Tommy",560,0.9061488673139159,459,"70.151895089",0.11964285714285716,0.3747276688453159,0.30714285714285716,0.1568627450980392,0.12857142857142856,"6.90088725",6,-11.261624338703568,101,0.18035714285714285,265,0.4732142857142857
641355,"Bellinger, Cody",1121,0.9106417546709992,928,"70.110897618",0.06512042818911688,0.3394396551724138,0.28099910793933985,0.12607758620689655,0.10437109723461195,"7.756810116",10,-4.1408213116324335,193,0.17216770740410348,463,0.4130240856378234
677587,"Rocchio, Brayan",620,0.9024745269286754,465,"69.997537065",0.06774193548387096,0.3655913978494624,0.27419354838709675,0.13333333333333333,0.1,"7.326627677",10,-26.286459652753805,155,0.25,243,0.3919354838709677
670770,"Friedl, TJ",893,0.907520325203252,742,"69.877426898",0.05935050391937293,0.3692722371967655,0.3068309070548712,0.11859838274932614,0.09854423292273236,"6.722807492",14,-30.986897143268344,151,0.1690929451287794,424,0.4748040313549832
518692,"Freeman, Freddie",1086,0.8975206611570248,818,"69.852386538",0.0837937384898711,0.3533007334963325,0.26611418047882135,0.15647921760391198,0.11786372007366483,"6.868799549",13,-5.235513886278033,268,0.24677716390423574,401,0.3692449355432781
669257,"Smith, Will",645,0.8958333333333334,512,"69.795635612",0.062015503875969005,0.357421875,0.2837209302325581,0.162109375,0.12868217054263567,"7.257037163",19,0.42427175281003393,133,0.2062015503875969,247,0.3829457364341085
514888,"Altuve, Jose",972,0.9016697588126159,789,"69.706923416",0.10905349794238685,0.31685678073510776,0.257201646090535,0.10266159695817491,0.08333333333333333,"7.5694332",12,-11.584807211741023,183,0.1882716049382716,416,0.4279835390946502
680574,"McLain, Matt",879,0.9024640657084189,641,"69.693676359",0.052332195676905585,0.32605304212168484,0.23777019340159272,0.12324492979719189,0.08987485779294653,"6.850454437",30,-31.59612661582232,238,0.2707622298065984,303,0.3447098976109215
683737,"Busch, Michael",936,0.9,707,"69.63035234",0.07051282051282051,0.38472418670438474,0.2905982905982906,0.173974540311174,0.13141025641025642,"7.021369722",18,-2.1658814047003876,229,0.24465811965811965,340,0.36324786324786323
807713,"Shaw, Matt",706,0.9005102040816326,566,"69.608750765",0.113314447592068,0.28091872791519434,0.22521246458923513,0.10247349823321555,0.0821529745042493,"6.957595793",17,-10.848103024763578,140,0.19830028328611898,272,0.38526912181303113
666158,"Lux, Gavin",778,0.9015063731170336,632,"69.569832481",0.05141388174807199,0.3449367088607595,0.2802056555269923,0.12025316455696203,0.09768637532133675,"7.360788586",32,-11.162321279774076,146,0.18766066838046272,317,0.4074550128534704
666023,"Fermin, Freddy",624,0.9030390738060782,495,"69.565852612",0.052884615384615384,0.33131313131313134,0.26282051282051283,0.10707070707070707,0.08493589743589744,"7.283905801",21,-15.714505876947758,129,0.20673076923076922,229,0.36698717948717946
650859,"Rengifo, Luis",903,0.9011976047904192,708,"69.537732968",0.07308970099667773,0.3403954802259887,0.26688815060908083,0.10875706214689265,0.08527131782945736,"7.063275437",13,-32.073277221017825,195,0.2159468438538206,364,0.40310077519379844
686797,"Lee, Brooks",852,0.9006342494714588,673,"69.503786174",0.0938967136150235,0.362555720653789,0.2863849765258216,0.0950965824665676,0.07511737089201878,"7.169172688",42,-31.308400389853745,179,0.21009389671361503,351,0.4119718309859155
621493,"Ward, Taylor",890,0.9035532994923858,688,"69.470514",0.07191011235955055,0.373546511627907,0.28876404494382024,0.14680232558139536,0.11348314606741573,"7.089613539",26,-1.7588999436523696,202,0.22696629213483147,353,0.39662921348314606
681082,"Stott, Bryson",881,0.9045174537987679,750,"69.358487003",0.056753688989784334,0.336,0.28603859250851305,0.10533333333333333,0.08967082860385925,"7.198297957",11,-18.683624893181257,131,0.14869466515323496,378,0.42905788876276957
680977,"Donovan, Brendan",728,0.9032258064516129,634,"69.324502088",0.04807692307692309,0.4227129337539432,0.36813186813186816,0.1750788643533123,0.15247252747252749,"6.806265975",8,-15.270646277316796,94,0.12912087912087913,363,0.49862637362637363
665926,"Giménez, Andrés",657,0.9087136929460581,502,"69.273141994",0.07001522070015223,0.3147410358565737,0.2404870624048706,0.08167330677290836,0.0624048706240487,"7.046796819",5,-27.466277532972402,155,0.2359208523592085,237,0.3607305936073059
666182,"Bichette, Bo",1037,0.9001736111111112,856,"69.120509508",0.09353905496624881,0.34579439252336447,0.2854387656702025,0.15537383177570094,0.12825458052073288,"7.274691003",21,-8.673234084280883,181,0.17454194792671165,414,0.39922854387656703
643565,"Tauchman, Mike",655,0.9009628610729024,505,"69.078247328",0.059541984732824446,0.3227722772277228,0.24885496183206107,0.11683168316831684,0.0900763358778626,"7.17535426",16,-9.663260036412815,150,0.22900763358778625,229,0.34961832061068704
669701,"Smith, Josh",902,0.9010989010989011,725,"69.062262971",0.036585365853658534,0.3393103448275862,0.2727272727272727,0.10482758620689656,0.08425720620842572,"6.738840532",13,-26.939981624996037,177,0.19623059866962306,354,0.3924611973392461
687363,"Scott II, Victor",650,0.9002770083102493,473,"69.026271338",0.06000000000000001,0.3171247357293869,0.23076923076923078,0.07399577167019028,0.05384615384615385,"6.390859677",21,-34.11161069999058,177,0.2723076923076923,233,0.35846153846153844
605141,"Betts, Mookie",861,0.8987473903966597,755,"69.012230197",0.08013937282229966,0.47152317880794703,0.413472706155633,0.1337748344370861,0.1173054587688734,"7.029355749",30,-16.454001779344566,106,0.12311265969802555,472,0.5481997677119629
645277,"Albies, Ozzie",1121,0.9004016064257028,908,"68.983518707",0.0704727921498662,0.3502202643171806,0.2836752899197145,0.08149779735682819,0.06601248884924175,"7.216701169",17,-32.16337892558636,213,0.19000892060660124,453,0.4041034790365745
641680,"Heim, Jonah",741,0.902557856272838,573,"68.955558448",0.048582995951417005,0.34904013961605584,0.2699055330634278,0.11518324607329843,0.08906882591093117,"7.51248525",15,-28.241643754468107,168,0.22672064777327935,276,0.3724696356275304
670623,"Paredes, Isaac",657,0.8987688098495212,552,"68.923307032",0.09436834094368343,0.3170289855072464,0.2663622526636225,0.09601449275362318,0.0806697108066971,"8.029445814",9,-10.00111315564216,105,0.1598173515981735,256,0.3896499238964992
643217,"Benintendi, Andrew",763,0.9008264462809917,586,"68.746355636",0.031454783748361734,0.3856655290102389,0.2961992136304063,0.12798634812286688,0.0982961992136304,"7.084330996",14,-16.88677138478439,177,0.23197903014416776,312,0.4089121887287025
687462,"Horwitz, Spencer",681,0.8996036988110965,567,"68.515396226",0.07048458149779736,0.31746031746031744,0.2643171806167401,0.08818342151675485,0.07342143906020558,"6.95921069",13,-13.264828163246067,114,0.16740088105726872,253,0.37151248164464024
543760,"Semien, Marcus",865,0.9001040582726326,683,"68.434827283",0.05317919075144508,0.3616398243045388,0.2855491329479769,0.11859443631039532,0.09364161849710982,"7.719282347",24,-36.53500755140247,182,0.21040462427745665,336,0.3884393063583815
663538,"Hoerner, Nico",991,0.9058500914076782,901,"68.434678254",0.026236125126135223,0.40066592674805773,0.36427850655903127,0.09655937846836848,0.08779011099899092,"7.186780767",16,-12.455643940540405,90,0.09081735620585267,514,0.5186680121089808
808982,"Lee, Jung Hoo",911,0.8984220907297831,798,"68.34337596",0.027442371020856213,0.39849624060150374,0.34906695938529086,0.10776942355889724,0.09440175631174534,"7.530641131",6,-19.757923697992407,113,0.12403951701427003,440,0.4829857299670692
672695,"Perdomo, Geraldo",1017,0.901595744680851,910,"68.256621416",0.04621435594886923,0.36043956043956044,0.3225172074729597,0.1021978021978022,0.09144542772861357,"6.900227158",21,6.612472163611702,107,0.10521140609636184,469,0.4611602753195674
686217,"Frelick, Sal",874,0.9056994818652849,777,"68.189706979",0.05377574370709382,0.33462033462033464,0.2974828375286041,0.07335907335907337,0.06521739130434782,"7.113939005",13,-9.582467892616593,97,0.11098398169336385,398,0.45537757437070936
664770,"Lukes, Nathan",693,0.8965071151358344,599,"67.99142404",0.05339105339105339,0.34557595993322204,0.2987012987012987,0.10851419031719532,0.09379509379509379,"6.479899913",7,-2.753759783407724,94,0.13564213564213565,296,0.42712842712842713
702332,"Durbin, Caleb",699,0.905440414507772,629,"67.915193605",0.018597997138769678,0.37042925278219396,0.3333333333333333,0.0794912559618442,0.0715307582260372,"6.831482003",21,-15.861522270873753,70,0.10014306151645208,361,0.5164520743919886
676391,"Clement, Ernie",864,0.9028213166144201,765,"67.606382419",0.024305555555555566,0.4169934640522876,0.36921296296296297,0.09281045751633987,0.08217592592592593,"7.045011447",30,-20.83778780639848,99,0.11458333333333333,443,0.5127314814814815
656716,"McKinstry, Zach",844,0.9134199134199135,657,"67.540293898",0.018957345971563982,0.3089802130898021,0.24052132701421802,0.0898021308980213,0.06990521327014218,"6.799644265",9,-16.318898221201966,187,0.22156398104265404,310,0.36729857819905215
694384,"Schanuel, Nolan",809,0.899888765294772,692,"67.529340396",0.060568603213844247,0.3786127167630058,0.3238566131025958,0.09393063583815028,0.08034610630407911,"6.695874351",13,-25.751288270395378,117,0.1446229913473424,356,0.4400494437577256
700337,"Quero, Edgar",648,0.9012517385257302,515,"67.499071944",0.013888888888888895,0.4330097087378641,0.3441358024691358,0.14951456310679612,0.11882716049382716,"6.715046188",5,-20.928409215736657,133,0.2052469135802469,269,0.41512345679012347
805367,"Meidroth, Chase",692,0.9010416666666666,617,"67.434461228",0.015895953757225436,0.44084278768233387,0.3930635838150289,0.11993517017828201,0.1069364161849711,"6.652545072",12,-21.34877599253191,75,0.10838150289017341,351,0.5072254335260116
663968,"Mangum, Jake",766,0.900117508813161,624,"67.336626867",0.05352480417754569,0.3301282051282051,0.2689295039164491,0.09455128205128205,0.07702349869451697,"6.5329703",8,-17.703061808356637,142,0.185378590078329,292,0.381201044386423
669364,"Edwards, Xavier",924,0.8988326848249028,815,"66.87790447",0.02380952380952381,0.3570552147239264,0.31493506493506496,0.06748466257668712,0.05952380952380952,"6.3922075",11,-32.56110708794117,109,0.11796536796536797,410,0.44372294372294374
643396,"Kiner-Falefa, Isiah",685,0.9013157894736842,590,"66.566837869",0.011678832116788326,0.3440677966101695,0.29635036496350364,0.08983050847457627,0.07737226277372262,"6.89319981",11,-12.800292187715842,95,0.1386861313868613,319,0.4656934306569343
624428,"Frazier, Adam",817,0.8987898789878987,674,"65.85543",0.015911872705018364,0.3264094955489614,0.2692778457772338,0.04154302670623145,0.03427172582619339,"6.912510086",16,-26.536099056815488,143,0.17503059975520197,308,0.3769889840881273
527038,"Flores, Wilmer",771,0.8996499416569428,619,"65.529887795",0.009079118028534373,0.345718901453958,0.2775616083009079,0.061389337641357025,0.04928664072632944,"6.89320441",17,-23.954953872005888,152,0.19714656290531776,282,0.3657587548638132
805779,"Wilson, Jacob",726,0.8996282527881041,658,"63.858544986",0.002754820936639119,0.4133738601823708,0.3746556473829201,0.041033434650455926,0.0371900826446281,"6.108466157",9,-9.923063106042749,68,0.09366391184573003,380,0.5234159779614325
680757,"Kwan, Steven",954,0.9,882,"63.681147338",0.008385744234800837,0.42517006802721086,0.39308176100628933,0.04081632653061224,0.03773584905660377,"6.32893608",16,-32.48012444267142,72,0.07547169811320754,468,0.49056603773584906
650333,"Arraez, Luis",1013,0.8980496453900709,961,"62.648735321",0.003948667324777887,0.449531737773153,0.42645607107601186,0.021852237252861603,0.02073050345508391,"5.857707374",8,-22.60570343467667,52,0.05133267522211254,513,0.506416584402764